{
  "pizza": [
    {
      "id": "0",
      "name": "Margherita",
      "description": "",
      "ingredients": [
        "tomato sauce",
        "mozzarella"
      ],
      "spicy": false,
      "vegetarian": true,
      "price": 17,
      "image": "https://i.imgur.com/8B8YLOo.jpg"
    },
    {
      "id": "1",
      "name": "Pepperoni",
      "description": "",
      "ingredients": [
        "tomato sauce",
        "mozzarella",
        "double pepperoni"
      ],
      "spicy": false,
      "vegetarian": false,
      "price": 20,
      "image": "https://i.imgur.com/OHHctnf.jpg"
    },
    {
      "id": "2",
      "name": "Rome",
      "description": "",
      "ingredients": [
        "tomato sauce",
        "mozzarella",
        "ham",
        "mushrooms",
        "beef cubes"
      ],
      "spicy": false,
      "vegetarian": false,
      "price": 25.75,
      "image": "https://i.imgur.com/3ZTwCfz.png"
    },
    {
      "id": "3",
      "name": "American Spicy",
      "description": "aaa",
      "ingredients": "tomato sauce, mozzarella, pepperoni,tomatoes,green pepper,red onion,jalapenos,Samourai sauce",
      "price": 30.25,
      "image": "https://i.imgur.com/dyoOLCO.png"
    },
    {
      "id": "4",
      "name": "Quattro Stagioni",
      "description": "",
      "ingredients": [
        "tomato sauce",
        "mozzarella",
        "ham",
        "pepperoni",
        "mushrooms",
        "green pepper"
      ],
      "spicy": false,
      "vegetarian": false,
      "price": 27.25,
      "image": "https://i.imgur.com/wOEuXuV.jpg"
    },
    {
      "id": "5",
      "name": "Pork & Feta",
      "description": "",
      "ingredients": [
        "tomato sauce",
        "mozzarella",
        "feta cheese",
        "ham",
        "pork cubes",
        "red onion"
      ],
      "spicy": false,
      "vegetarian": false,
      "price": 27.25,
      "image": "https://i.imgur.com/48Zw4K3.png"
    },
    {
      "id": "6",
      "name": "Quattro Formaggi",
      "description": "",
      "ingredients": [
        "mozzarella",
        "cheddar cheese",
        "emmentaler",
        "blue cheese",
        "oregano"
      ],
      "spicy": false,
      "vegetarian": true,
      "price": 35.15,
      "image": "https://i.imgur.com/MDrTvkI.jpg"
    },
    {
      "id": "7",
      "name": "Carnivora",
      "description": "aaa",
      "ingredients": "tomato sauce, mozzarella, chicken breast,beef cubes,pepperoni,bacon",
      "price": 27.25,
      "image": "https://i.imgur.com/0vPtSSO.png"
    },
    {
      "id": "8",
      "name": "Louisiana Chicken",
      "description": "",
      "ingredients": [
        "marinated chicken",
        "TABASCO spicy sauce",
        "red pepper sauce",
        "blue cheese",
        "green pepper",
        "red onion"
      ],
      "spicy": true,
      "vegetarian": false,
      "price": 20,
      "image": "https://i.imgur.com/lZtwJgy.png"
    },
    {
      "id": "9",
      "name": "Honey Mustard Chicken",
      "description": "",
      "ingredients": [
        "tomato sauce",
        "mozzarella",
        "marinated chicken in Honey Mustard sauce",
        "cheddar cheese",
        "red onion"
      ],
      "spicy": false,
      "vegetarian": false,
      "price": 19.8,
      "image": "https://i.imgur.com/SoZu61g.png"
    },
    {
      "id": "10",
      "name": "Hawaiian",
      "description": "",
      "ingredients": [
        "mozzarella",
        "sweet chilli sauce",
        "pepperoni",
        "pineapple",
        "jalapenos",
        "red onion"
      ],
      "spicy": true,
      "vegetarian": false,
      "price": 27.25,
      "image": "https://i.imgur.com/mqTgvgl.png"
    },
    {
      "id": "11",
      "name": "Classic",
      "description": "aaa",
      "ingredients": "tomato sauce, mozzarella,ham,mushrooms,olives",
      "price": 27.25,
      "image": "https://i.imgur.com/k6IGrUd.png"
    },
    {
      "id": "12",
      "name": "Pastrami",
      "description": "",
      "ingredients": [
        "tomato sauce",
        "mozzarella",
        "pastrami",
        "salty cheese",
        "baked green pepper",
        "red onion"
      ],
      "spicy": false,
      "vegetarian": false,
      "price": 27.25,
      "image": "https://i.imgur.com/yOe5RtC.png"
    },
    {
      "id": "13",
      "name": "Hot Pastrami",
      "description": "",
      "ingredients": [
        "Honey Mustard sauce",
        "mozzarella",
        "pastrami",
        "sausages",
        "chilli pepper",
        "red onion"
      ],
      "spicy": true,
      "vegetarian": false,
      "price": 27.25,
      "image": "https://i.imgur.com/ipMA5LP.png"
    },
    {
      "id": "14",
      "name": "Country",
      "description": "",
      "ingredients": [
        "tomato sauce",
        "mozzarella",
        "bacon",
        "corn",
        "onion",
        "mushrooms"
      ],
      "spicy": false,
      "vegetarian": false,
      "price": 27.25,
      "image": "https://i.imgur.com/E67Xf8Y.png"
    },
    {
      "id": "15",
      "name": "Hot Cheese",
      "description": "",
      "ingredients": [
        "tomato sauce",
        "mozzarella",
        "cheddar cheese",
        "salty cheese",
        "tomatoes",
        "chilli pepper",
        "oregano"
      ],
      "spicy": true,
      "vegetarian": true,
      "price": 27.25,
      "image": "https://i.imgur.com/v4sa2cA.png"
    },
    {
      "id": "16",
      "name": "Ocean",
      "description": "",
      "ingredients": [
        "tomato sauce",
        "mozzarella",
        "tuna",
        "corn",
        "onion",
        "olives"
      ],
      "spicy": false,
      "vegetarian": false,
      "price": 30,
      "image": "https://i.imgur.com/w5IQ2rX.png"
    },
    {
      "id": "17",
      "name": "BBQ",
      "description": "aaa",
      "ingredients": "tomato sauce, mozzarella, BBQ sauce,onion,corn,bacon,mushrooms,sausages",
      "price": 28.5,
      "image": "https://i.imgur.com/znqS9KD.png"
    },
    {
      "id": "18",
      "name": "Mexicana",
      "description": "",
      "ingredients": [
        "tomato sauce",
        "mozzarella",
        "salsa sauce",
        "pepperoni",
        "corn",
        "onion",
        "jalapenos",
        "tortilla chips"
      ],
      "spicy": true,
      "vegetarian": false,
      "price": 28.5,
      "image": "https://i.imgur.com/cYpO8RT.png"
    }
  ],
  "pasta": [
    {
      "id": "0",
      "name": "Bolognese",
      "description": "aaa",
      "ingredients": "penne, ragu sauce,beef cubes,mozzarella",
      "price": 28,
      "image": "https://i.imgur.com/IXDJ52k.png"
    },
    {
      "id": "1",
      "name": "Carbonara",
      "description": "aaa",
      "ingredients": "penne, white cream and garlic sauce,bacon,parmesan",
      "price": 28,
      "image": "https://i.imgur.com/3jKSuUu.png"
    }
  ]
}